Datetime,Water Level (m)
2026-04-13 18:00:00,0.30885705
2026-04-13 19:00:00,0.46266797
2026-04-13 20:00:00,0.54221725
2026-04-13 21:00:00,0.44492942
2026-04-13 22:00:00,0.29576653
2026-04-13 23:00:00,0.13347718
2026-04-14 00:00:00,-0.03474703
2026-04-14 01:00:00,-0.19806316
2026-04-14 02:00:00,-0.35840926
2026-04-14 03:00:00,-0.44568005
2026-04-14 04:00:00,-0.31851953
2026-04-14 05:00:00,-0.13429874
2026-04-14 06:00:00,0.09191832
2026-04-14 07:00:00,0.29390568
2026-04-14 08:00:00,0.4299868
2026-04-14 09:00:00,0.43324798
2026-04-14 10:00:00,0.31233513
2026-04-14 11:00:00,0.17199406
2026-04-14 12:00:00,0.021465395
2026-04-14 13:00:00,-0.13244298
2026-04-14 14:00:00,-0.2917584
2026-04-14 15:00:00,-0.39132768
2026-04-14 16:00:00,-0.24972229
2026-04-14 17:00:00,-0.056707308
2026-04-14 18:00:00,0.18408158
2026-04-14 19:00:00,0.40526074
2026-04-14 20:00:00,0.57774085
2026-04-14 21:00:00,0.6158639
2026-04-14 22:00:00,0.48984584
2026-04-14 23:00:00,0.3363072
2026-04-15 00:00:00,0.16279276
2026-04-15 01:00:00,-0.015579307
2026-04-15 02:00:00,-0.19653457
2026-04-15 03:00:00,-0.36377183
2026-04-15 04:00:00,-0.4129029
2026-04-15 05:00:00,-0.19118024
2026-04-15 06:00:00,0.016283516
2026-04-15 07:00:00,0.3154762
2026-04-15 08:00:00,0.52791226
2026-04-15 09:00:00,0.66528326
2026-04-15 10:00:00,0.60761195
2026-04-15 11:00:00,0.4701122
2026-04-15 12:00:00,0.3008879
2026-04-15 13:00:00,0.11655908
2026-04-15 14:00:00,-0.07124827
2026-04-15 15:00:00,-0.254364
2026-04-15 16:00:00,-0.34597862
2026-04-15 17:00:00,-0.13238892
2026-04-15 18:00:00,0.085499525
2026-04-15 19:00:00,0.37617168
2026-04-15 20:00:00,0.5999815
2026-04-15 21:00:00,0.7413699
2026-04-15 22:00:00,0.6912612
2026-04-15 23:00:00,0.540878
2026-04-16 00:00:00,0.36381254
2026-04-16 01:00:00,0.17239372
2026-04-16 02:00:00,-0.023720032
2026-04-16 03:00:00,-0.20997342
2026-04-16 04:00:00,-0.3608252
2026-04-16 05:00:00,-0.30545995
2026-04-16 06:00:00,-0.04543007
2026-04-16 07:00:00,0.23161238
2026-04-16 08:00:00,0.5353519
2026-04-16 09:00:00,0.7472483
2026-04-16 10:00:00,0.8260844
2026-04-16 11:00:00,0.70486
2026-04-16 12:00:00,0.54113144
2026-04-16 13:00:00,0.3475696
2026-04-16 14:00:00,0.1483189
2026-04-16 15:00:00,-0.059596658
2026-04-16 16:00:00,-0.2389868
2026-04-16 17:00:00,-0.29104468
2026-04-16 18:00:00,-0.03626629
2026-04-16 19:00:00,0.19849175
2026-04-16 20:00:00,0.5085594
2026-04-16 21:00:00,0.69947696
2026-04-16 22:00:00,0.7625324
2026-04-16 23:00:00,0.6345856
2026-04-17 00:00:00,0.47090653
2026-04-17 01:00:00,0.28056067
2026-04-17 02:00:00,0.087110564
2026-04-17 03:00:00,-0.110086575
2026-04-17 04:00:00,-0.29298547
2026-04-17 05:00:00,-0.41185847
2026-04-17 06:00:00,-0.24295548
2026-04-17 07:00:00,0.037987735
2026-04-17 08:00:00,0.39508295
2026-04-17 09:00:00,0.6808514
2026-04-17 10:00:00,0.87005734
2026-04-17 11:00:00,0.85745144
2026-04-17 12:00:00,0.699372
2026-04-17 13:00:00,0.5120829
2026-04-17 14:00:00,0.30375174
2026-04-17 15:00:00,0.08954824
2026-04-17 16:00:00,-0.11629733
2026-04-17 17:00:00,-0.28048754
2026-04-17 18:00:00,-0.2419765
2026-04-17 19:00:00,0.03649741
2026-04-17 20:00:00,0.29780892
2026-04-17 21:00:00,0.59104556
2026-04-17 22:00:00,0.75884324
2026-04-17 23:00:00,0.7422072
2026-04-18 00:00:00,0.5914798
2026-04-18 01:00:00,0.4173699
2026-04-18 02:00:00,0.22499014
2026-04-18 03:00:00,0.02601445
2026-04-18 04:00:00,-0.16646662
2026-04-18 05:00:00,-0.3369475
2026-04-18 06:00:00,-0.3726134
2026-04-18 07:00:00,-0.08181381
2026-04-18 08:00:00,0.20552817
2026-04-18 09:00:00,0.58531564
2026-04-18 10:00:00,0.8524227
2026-04-18 11:00:00,0.9908504
2026-04-18 12:00:00,0.90496165
2026-04-18 13:00:00,0.72985536
2026-04-18 14:00:00,0.52415806
2026-04-18 15:00:00,0.3128866
2026-04-18 16:00:00,0.095020756
2026-04-18 17:00:00,-0.100677066
2026-04-18 18:00:00,-0.23009504
2026-04-18 19:00:00,-0.06809977
2026-04-18 20:00:00,0.17870508
2026-04-18 21:00:00,0.49348775
2026-04-18 22:00:00,0.73552334
2026-04-18 23:00:00,0.8615258
2026-04-19 00:00:00,0.77576613
2026-04-19 01:00:00,0.60789466
2026-04-19 02:00:00,0.41693097
2026-04-19 03:00:00,0.21925017
2026-04-19 04:00:00,0.015060796
2026-04-19 05:00:00,-0.16982675
2026-04-19 06:00:00,-0.3144495
2026-04-19 07:00:00,-0.19704492
2026-04-19 08:00:00,0.09395875
2026-04-19 09:00:00,0.43029293
2026-04-19 10:00:00,0.75968707
2026-04-19 11:00:00,1.0013884
2026-04-19 12:00:00,1.063537
2026-04-19 13:00:00,0.918566
2026-04-19 14:00:00,0.73293936
2026-04-19 15:00:00,0.52143866
2026-04-19 16:00:00,0.30095315
2026-04-19 17:00:00,0.08022682
2026-04-19 18:00:00,-0.10363035
